{
  "background" : "10.webp",
  "icons" : [ {
    "x" : 0.3757193110490146,
    "y" : 0.6140785047762406,
    "sound" : " 1_04"
  } ],
  "backgroundSize" : {
    "width" : 667.8430953398888,
    "height" : 945
  }
}