{
  "background" : "10.webp",
  "icons" : [ {
    "x" : 0.3674940995835343,
    "y" : 0.6120345821843728,
    "sound" : " 104"
  }, {
    "x" : 0.372642522045558,
    "y" : 0.802528697840856,
    "sound" : "105"
  } ],
  "backgroundSize" : {
    "width" : 515.8999572466865,
    "height" : 730
  }
}