{
  "background" : "102.webp",
  "icons" : [ {
    "x" : 0.10581545801030502,
    "y" : 0.32573321232135904,
    "sound" : " 319"
  }, {
    "x" : 0.10514879954847915,
    "y" : 0.6710218485257875,
    "sound" : "319"
  }, {
    "x" : 0.5571649837001277,
    "y" : 0.6179525465291461,
    "sound" : "320"
  }, {
    "x" : 0.09682105594643191,
    "y" : 0.8747181664652528,
    "sound" : "320"
  } ],
  "backgroundSize" : {
    "width" : 515.8999572466865,
    "height" : 730
  }
}