{
  "background" : "104.webp",
  "icons" : [ {
    "x" : 0.5574534097626193,
    "y" : 0.4051852671158796,
    "sound" : " 322"
  }, {
    "x" : 0.5548483909928436,
    "y" : 0.33814513619702036,
    "sound" : "322"
  } ],
  "backgroundSize" : {
    "width" : 515.8999572466865,
    "height" : 730
  }
}