{
  "background" : "105.webp",
  "icons" : [ {
    "x" : 0.522562924219522,
    "y" : 0.24354143149944127,
    "sound" : " 323"
  } ],
  "backgroundSize" : {
    "width" : 515.8999572466865,
    "height" : 730
  }
}