{
  "background" : "11.webp",
  "icons" : [ {
    "x" : 0.536131446375171,
    "y" : 0.1134044451980714,
    "sound" : " 106"
  }, {
    "x" : 0.5368288458510471,
    "y" : 0.43373223259763954,
    "sound" : " 106"
  } ],
  "backgroundSize" : {
    "width" : 515.8999572466865,
    "height" : 730
  }
}