{
  "background" : "11.webp",
  "icons" : [ {
    "x" : 0.5404286578515254,
    "y" : 0.4373589280566638,
    "sound" : " 1_06"
  } ],
  "backgroundSize" : {
    "width" : 667.8430953398888,
    "height" : 945
  }
}