{
  "background" : "12.webp",
  "icons" : [ {
    "x" : 0.561330130378519,
    "y" : 0.12436334930766044,
    "sound" : " 107"
  } ],
  "backgroundSize" : {
    "width" : 515.8999572466865,
    "height" : 730
  }
}