{
  "background" : "12.webp",
  "icons" : [ {
    "x" : 0.5598943079281857,
    "y" : 0.13048062117835696,
    "sound" : " 1_07"
  } ],
  "backgroundSize" : {
    "width" : 667.8430953398888,
    "height" : 945
  }
}