{
  "background" : "13.webp",
  "icons" : [ {
    "x" : 0.5419465272990205,
    "y" : 0.3928564999925919,
    "sound" : " 109"
  }, {
    "x" : 0.081888475853081,
    "y" : 0.502528697840856,
    "sound" : "108"
  }, {
    "x" : 0.5416581012365289,
    "y" : 0.5343909026935297,
    "sound" : "110"
  } ],
  "backgroundSize" : {
    "width" : 515.8999572466865,
    "height" : 730
  }
}