{
  "background" : "13.webp",
  "icons" : [ {
    "x" : 0.5434233732479347,
    "y" : 0.3950308857286215,
    "sound" : " 1_09"
  }, {
    "x" : 0.08562161422394733,
    "y" : 0.5060801945430377,
    "sound" : "1_08"
  }, {
    "x" : 0.5450733074933929,
    "y" : 0.5383410367806502,
    "sound" : "1_10"
  } ],
  "backgroundSize" : {
    "width" : 667.8430953398888,
    "height" : 945
  }
}