{
    "background": "135.webp",
    "icons": [
        {
            "x": 1.042043486750081,
            "y": 0.17915786985560564,
            "sound": "x"
        }
    ],
    "backgroundSize": {
        "width": 554.8127177700349,
        "height": 730
    }
}