{
  "background" : "14.webp",
  "icons" : [ {
    "x" : 0.10581545801030502,
    "y" : 0.14765102054053714,
    "sound" : " 111"
  }, {
    "x" : 0.09933371862462961,
    "y" : 0.865542396470993,
    "sound" : "112"
  } ],
  "backgroundSize" : {
    "width" : 515.8999572466865,
    "height" : 730
  }
}