{
  "background" : "17.webp",
  "icons" : [ {
    "x" : 0.053479729695659166,
    "y" : 0.2558701986227289,
    "sound" : " 113"
  } ],
  "backgroundSize" : {
    "width" : 515.8999572466865,
    "height" : 730
  }
}