{
  "background" : "18.webp",
  "icons" : [ {
    "x" : 0.6776317488555098,
    "y" : 0.5654592397186193,
    "sound" : " 114"
  }, {
    "x" : 0.10127207893257946,
    "y" : 0.5532136293477053,
    "sound" : "114"
  }, {
    "x" : 0.10552703194781347,
    "y" : 0.6083635054332558,
    "sound" : "115"
  } ],
  "backgroundSize" : {
    "width" : 515.8999572466865,
    "height" : 730
  }
}