{
  "background" : "20.webp",
  "icons" : [ {
    "x" : 0.08255513431490687,
    "y" : 0.5175140342391673,
    "sound" : " 116"
  }, {
    "x" : 0.562601832224643,
    "y" : 0.6792410266079792,
    "sound" : "117"
  }, {
    "x" : 0.5532882630842281,
    "y" : 0.737130628720927,
    "sound" : "117"
  } ],
  "backgroundSize" : {
    "width" : 515.8999572466865,
    "height" : 730
  }
}