{
  "background" : "21.webp",
  "icons" : [ {
    "x" : 0.5400081669910707,
    "y" : 0.329842801362455,
    "sound" : " 118"
  } ],
  "backgroundSize" : {
    "width" : 515.8999572466865,
    "height" : 730
  }
}