{
  "background" : "22.webp",
  "icons" : [ {
    "x" : 0.3752475408153337,
    "y" : 0.21066471917067414,
    "sound" : " 119"
  } ],
  "backgroundSize" : {
    "width" : 515.8999572466865,
    "height" : 730
  }
}