{
  "background" : "23.webp",
  "icons" : [ {
    "x" : 0.08449349462285671,
    "y" : 0.23669211643094812,
    "sound" : " 120"
  }, {
    "x" : 0.081888475853081,
    "y" : 0.17239171153948613,
    "sound" : "120"
  } ],
  "backgroundSize" : {
    "width" : 515.8999572466865,
    "height" : 730
  }
}