{
  "background" : "25.webp",
  "icons" : [ {
    "x" : 0.08449349462285671,
    "y" : 0.7503907465679345,
    "sound" : " 121"
  }, {
    "x" : 0.5412798688371946,
    "y" : 0.6943095197586643,
    "sound" : "122"
  } ],
  "backgroundSize" : {
    "width" : 515.8999572466865,
    "height" : 730
  }
}