{
  "background" : "26.webp",
  "icons" : [ {
    "x" : 0.5574534097626193,
    "y" : 0.12299348629396181,
    "sound" : " 123"
  }, {
    "x" : 0.562601832224643,
    "y" : 0.7765013005805821,
    "sound" : "124"
  } ],
  "backgroundSize" : {
    "width" : 515.8999572466865,
    "height" : 730
  }
}