{
  "background" : "27.webp",
  "icons" : [ {
    "x" : 0.5400081669910707,
    "y" : 0.3654592397186193,
    "sound" : " 125"
  } ],
  "backgroundSize" : {
    "width" : 515.8999572466865,
    "height" : 730
  }
}