{
  "background" : "28.webp",
  "icons" : [ {
    "x" : 0.0670482518513081,
    "y" : 0.5449112945131399,
    "sound" : " 126"
  } ],
  "backgroundSize" : {
    "width" : 515.8999572466865,
    "height" : 730
  }
}