{
  "background" : "30.webp",
  "icons" : [ {
    "x" : 0.10581545801030502,
    "y" : 0.7421715684857427,
    "sound" : " 127"
  }, {
    "x" : 0.5587251116087433,
    "y" : 0.6997889718134588,
    "sound" : "128"
  }, {
    "x" : 0.5600891695464453,
    "y" : 0.6448344147907864,
    "sound" : "128"
  }, {
    "x" : 0.10651285748618115,
    "y" : 0.6875701424455176,
    "sound" : "127"
  } ],
  "backgroundSize" : {
    "width" : 515.8999572466865,
    "height" : 730
  }
}