{
  "background" : "32.webp",
  "icons" : [ {
    "x" : 0.07674005339105733,
    "y" : 0.329842801362455,
    "sound" : " 129"
  } ],
  "backgroundSize" : {
    "width" : 515.8999572466865,
    "height" : 730
  }
}