{
  "background" : "33.webp",
  "icons" : [ {
    "x" : 0.5380698066831208,
    "y" : 0.16545923971861934,
    "sound" : " 130"
  } ],
  "backgroundSize" : {
    "width" : 515.8999572466865,
    "height" : 730
  }
}