{
  "background" : "34.webp",
  "icons" : [ {
    "x" : 0.371370820199434,
    "y" : 0.3983359520473865,
    "sound" : " 131"
  }, {
    "x" : 0.3765192426614577,
    "y" : 0.5751314375668835,
    "sound" : "132"
  }, {
    "x" : 0.376897475060792,
    "y" : 0.8480895328305161,
    "sound" : "133"
  }, {
    "x" : 0.37400657998326,
    "y" : 0.7831122983063274,
    "sound" : "133"
  } ],
  "backgroundSize" : {
    "width" : 515.8999572466865,
    "height" : 730
  }
}