{
  "background" : "36.webp",
  "icons" : [ {
    "x" : 0.5535766891467195,
    "y" : 0.5257332123213591,
    "sound" : " 134"
  } ],
  "backgroundSize" : {
    "width" : 515.8999572466865,
    "height" : 730
  }
}