{
  "background" : "37.webp",
  "icons" : [ {
    "x" : 0.07674005339105733,
    "y" : 0.6545003356090303,
    "sound" : " 135"
  }, {
    "x" : 0.5315880672974453,
    "y" : 0.4929396567449656,
    "sound" : "136"
  }, {
    "x" : 0.538767206158997,
    "y" : 0.6205267939010602,
    "sound" : "136"
  } ],
  "backgroundSize" : {
    "width" : 515.8999572466865,
    "height" : 730
  }
}