{
  "background" : "38.webp",
  "icons" : [ {
    "x" : 0.09806201677850564,
    "y" : 0.3586099246501262,
    "sound" : " 137"
  } ],
  "backgroundSize" : {
    "width" : 515.8999572466865,
    "height" : 730
  }
}