{
  "background" : "40.webp",
  "icons" : [ {
    "x" : 0.09030857554670625,
    "y" : 0.466829102732318,
    "sound" : " 138"
  } ],
  "backgroundSize" : {
    "width" : 515.8999572466865,
    "height" : 730
  }
}