{
  "background" : "42.webp",
  "icons" : [ {
    "x" : 0.10387709770235518,
    "y" : 0.4750482808145097,
    "sound" : " 139"
  }, {
    "x" : 0.5664785528405426,
    "y" : 0.5244465060600341,
    "sound" : "140"
  } ],
  "backgroundSize" : {
    "width" : 515.8999572466865,
    "height" : 730
  }
}