{
  "background" : "44.webp",
  "icons" : [ {
    "x" : 0.5031793211400236,
    "y" : 0.4586099246501262,
    "sound" : " 141"
  }, {
    "x" : 0.5005743023702478,
    "y" : 0.5491040403066094,
    "sound" : "141"
  } ],
  "backgroundSize" : {
    "width" : 515.8999572466865,
    "height" : 730
  }
}