{
  "background" : "47.webp",
  "icons" : [ {
    "x" : 0.5303163654513214,
    "y" : 0.32847293834875635,
    "sound" : " 202"
  }, {
    "x" : 0.5432182291451445,
    "y" : 0.11759719099154091,
    "sound" : "202"
  } ],
  "backgroundSize" : {
    "width" : 515.8999572466865,
    "height" : 730
  }
}