{
  "background" : "48.webp",
  "icons" : [ {
    "x" : 0.21436363525549643,
    "y" : 0.6723085547871125,
    "sound" : " 203"
  } ],
  "backgroundSize" : {
    "width" : 515.8999572466865,
    "height" : 730
  }
}