{
  "background" : "49.webp",
  "icons" : [ {
    "x" : 0.07674005339105733,
    "y" : 0.36956882875971525,
    "sound" : " 204"
  }, {
    "x" : 0.07995011554513115,
    "y" : 0.580610889621678,
    "sound" : "205"
  }, {
    "x" : 0.5319662996967798,
    "y" : 0.18918542324147491,
    "sound" : "206"
  } ],
  "backgroundSize" : {
    "width" : 515.8999572466865,
    "height" : 730
  }
}