{
  "background" : "51.webp",
  "icons" : [ {
    "x" : 0.08255513431490687,
    "y" : 0.20107567807478371,
    "sound" : " 207"
  } ],
  "backgroundSize" : {
    "width" : 515.8999572466865,
    "height" : 730
  }
}