{
  "background" : "52.webp",
  "icons" : [ {
    "x" : 0.6795701091634596,
    "y" : 0.5175140342391673,
    "sound" : " 208"
  } ],
  "backgroundSize" : {
    "width" : 515.8999572466865,
    "height" : 730
  }
}