{
  "background" : "54.webp",
  "icons" : [ {
    "x" : 0.5593917700705692,
    "y" : 0.4134044451980714,
    "sound" : " 209"
  }, {
    "x" : 0.09351863770078007,
    "y" : 0.7121177389367465,
    "sound" : "209"
  }, {
    "x" : 0.5571649837001277,
    "y" : 0.789185423241475,
    "sound" : "210"
  } ],
  "backgroundSize" : {
    "width" : 515.8999572466865,
    "height" : 730
  }
}