{
  "background" : "56.webp",
  "icons" : [ {
    "x" : 0.5555150494546695,
    "y" : 0.5791578698556057,
    "sound" : " 211"
  }, {
    "x" : 0.09739535831667977,
    "y" : 0.7326656841422259,
    "sound" : "211"
  } ],
  "backgroundSize" : {
    "width" : 515.8999572466865,
    "height" : 730
  }
}