{
  "background" : "57.webp",
  "icons" : [ {
    "x" : 0.08449349462285671,
    "y" : 0.7969660890336879,
    "sound" : " 212"
  } ],
  "backgroundSize" : {
    "width" : 515.8999572466865,
    "height" : 730
  }
}