{
  "background" : "58.webp",
  "icons" : [ {
    "x" : 0.3733091805073839,
    "y" : 0.5366921164309482,
    "sound" : " 213"
  } ],
  "backgroundSize" : {
    "width" : 515.8999572466865,
    "height" : 730
  }
}