{
  "background" : "59.webp",
  "icons" : [ {
    "x" : 0.08061677400695702,
    "y" : 0.2558701986227289,
    "sound" : " 214"
  }, {
    "x" : 0.07607339492923146,
    "y" : 0.11622732797784227,
    "sound" : "214"
  } ],
  "backgroundSize" : {
    "width" : 515.8999572466865,
    "height" : 730
  }
}