{
  "background" : "6.webp",
  "icons" : [ {
    "x" : 0.09721077918295097,
    "y" : 0.48074517144290724,
    "sound" : " 1_02"
  } ],
  "backgroundSize" : {
    "width" : 667.8430953398888,
    "height" : 945
  }
}