{
  "background" : "6.webp",
  "icons" : [ {
    "x" : 0.10193873739440533,
    "y" : 0.47778800684190703,
    "sound" : " 102"
  } ],
  "backgroundSize" : {
    "width" : 515.8999572466865,
    "height" : 730
  }
}