{
  "background" : "60.webp",
  "icons" : [ {
    "x" : 0.10387709770235518,
    "y" : 0.12573321232135906,
    "sound" : " 215"
  } ],
  "backgroundSize" : {
    "width" : 515.8999572466865,
    "height" : 730
  }
}