{
  "background" : "61.webp",
  "icons" : [ {
    "x" : 0.5419465272990205,
    "y" : 0.32025376026656455,
    "sound" : " 216"
  }, {
    "x" : 0.5432182291451445,
    "y" : 0.40252869784085604,
    "sound" : "217"
  }, {
    "x" : 0.5377813806206293,
    "y" : 0.5426100807757215,
    "sound" : "218"
  }, {
    "x" : 0.538767206158997,
    "y" : 0.4437291720900057,
    "sound" : "218"
  } ],
  "backgroundSize" : {
    "width" : 515.8999572466865,
    "height" : 730
  }
}