{
  "background" : "63.webp",
  "icons" : [ {
    "x" : 0.5341930860672212,
    "y" : 0.4613496506775234,
    "sound" : " 219"
  } ],
  "backgroundSize" : {
    "width" : 515.8999572466865,
    "height" : 730
  }
}