{
  "background" : "66.webp",
  "icons" : [ {
    "x" : 0.561330130378519,
    "y" : 0.5353222534172495,
    "sound" : " 221"
  }, {
    "x" : 0.107087159856429,
    "y" : 0.7449944512655136,
    "sound" : "221"
  } ],
  "backgroundSize" : {
    "width" : 515.8999572466865,
    "height" : 730
  }
}