{
  "background" : "68.webp",
  "icons" : [ {
    "x" : 0.10000037708645548,
    "y" : 0.8161441712254688,
    "sound" : " 223"
  }, {
    "x" : 0.08576519646898069,
    "y" : 0.2449944512655135,
    "sound" : "222"
  }, {
    "x" : 0.5591033440080776,
    "y" : 0.3316511766661325,
    "sound" : "223"
  } ],
  "backgroundSize" : {
    "width" : 515.8999572466865,
    "height" : 730
  }
}