{
  "background" : "69.webp",
  "icons" : [ {
    "x" : 0.08449349462285671,
    "y" : 0.781897595883003,
    "sound" : " 224"
  } ],
  "backgroundSize" : {
    "width" : 515.8999572466865,
    "height" : 730
  }
}