{
  "background" : "7.webp",
  "icons" : [ {
    "x" : 0.5404286578515254,
    "y" : 0.37915786985560557,
    "sound" : " 1_03"
  } ],
  "backgroundSize" : {
    "width" : 667.8430953398888,
    "height" : 945
  }
}