{
  "background" : "7.webp",
  "icons" : [ {
    "x" : 0.5341930860672212,
    "y" : 0.37504828081450975,
    "sound" : " 103"
  } ],
  "backgroundSize" : {
    "width" : 515.8999572466865,
    "height" : 730
  }
}