{
  "background" : "70.webp",
  "icons" : [ {
    "x" : 0.3752475408153337,
    "y" : 0.7092948561569756,
    "sound" : " 225"
  }, {
    "x" : 0.372642522045558,
    "y" : 0.7641725334572944,
    "sound" : "226"
  } ],
  "backgroundSize" : {
    "width" : 515.8999572466865,
    "height" : 730
  }
}