{
  "background" : "71.webp",
  "icons" : [ {
    "x" : 0.07286333277515764,
    "y" : 0.3380619794446467,
    "sound" : " 227"
  }, {
    "x" : 0.0780117552371813,
    "y" : 0.38609034167647244,
    "sound" : "228"
  } ],
  "backgroundSize" : {
    "width" : 515.8999572466865,
    "height" : 730
  }
}