{
  "background" : "72.webp",
  "icons" : [ {
    "x" : 0.09806201677850564,
    "y" : 0.16819896574601662,
    "sound" : " 229"
  } ],
  "backgroundSize" : {
    "width" : 515.8999572466865,
    "height" : 730
  }
}