{
  "background" : "73.webp",
  "icons" : [ {
    "x" : 0.07867841369900717,
    "y" : 0.1627195136912221,
    "sound" : " 230"
  }, {
    "x" : 0.5393415085292448,
    "y" : 0.2312958211285272,
    "sound" : "231"
  }, {
    "x" : 0.5407055664669468,
    "y" : 0.3214121580687773,
    "sound" : "231"
  }, {
    "x" : 0.07937581317488329,
    "y" : 0.8151289492224899,
    "sound" : "230"
  } ],
  "backgroundSize" : {
    "width" : 515.8999572466865,
    "height" : 730
  }
}