{
  "background" : "76.webp",
  "icons" : [ {
    "x" : 0.10193873739440533,
    "y" : 0.6942263630062906,
    "sound" : " 232"
  } ],
  "backgroundSize" : {
    "width" : 515.8999572466865,
    "height" : 730
  }
}