{
  "background" : "77.webp",
  "icons" : [ {
    "x" : 0.0670482518513081,
    "y" : 0.43669211643094813,
    "sound" : " 232"
  } ],
  "backgroundSize" : {
    "width" : 515.8999572466865,
    "height" : 730
  }
}