{
  "background" : "78.webp",
  "icons" : [ {
    "x" : 0.5555150494546695,
    "y" : 0.5243633493076605,
    "sound" : " 233"
  }, {
    "x" : 0.09545699800872992,
    "y" : 0.754583492361404,
    "sound" : "233"
  }, {
    "x" : 0.5591033440080776,
    "y" : 0.8741169300907901,
    "sound" : "233"
  } ],
  "backgroundSize" : {
    "width" : 515.8999572466865,
    "height" : 730
  }
}