{
  "background" : "80.webp",
  "icons" : [ {
    "x" : 0.5574534097626193,
    "y" : 0.25724006163642754,
    "sound" : " 235"
  } ],
  "backgroundSize" : {
    "width" : 515.8999572466865,
    "height" : 730
  }
}