{
  "background" : "81.webp",
  "icons" : [ {
    "x" : 0.5341930860672212,
    "y" : 0.1490208835542358,
    "sound" : " 236"
  } ],
  "backgroundSize" : {
    "width" : 515.8999572466865,
    "height" : 730
  }
}