{
  "background" : "83.webp",
  "icons" : [ {
    "x" : 0.07674005339105733,
    "y" : 0.11614417122546866,
    "sound" : " 302"
  }, {
    "x" : 0.5354647879133451,
    "y" : 0.11348760195044502,
    "sound" : "303"
  }, {
    "x" : 0.08226670825241532,
    "y" : 0.3056237794058585,
    "sound" : "303"
  } ],
  "backgroundSize" : {
    "width" : 515.8999572466865,
    "height" : 730
  }
}