{
  "background" : "84.webp",
  "icons" : [ {
    "x" : 0.5632684906864688,
    "y" : 0.1723085547871125,
    "sound" : " 304"
  } ],
  "backgroundSize" : {
    "width" : 515.8999572466865,
    "height" : 730
  }
}