{
  "background" : "87.webp",
  "icons" : [ {
    "x" : 0.08255513431490687,
    "y" : 0.7202537602665646,
    "sound" : " 308"
  } ],
  "backgroundSize" : {
    "width" : 515.8999572466865,
    "height" : 730
  }
}