{
  "background" : "90.webp",
  "icons" : [ {
    "x" : 0.5574534097626193,
    "y" : 0.37504828081450975,
    "sound" : " 310"
  }, {
    "x" : 0.5606634719166931,
    "y" : 0.7929396567449656,
    "sound" : "311"
  }, {
    "x" : 0.09682105594643191,
    "y" : 0.2825969292897605,
    "sound" : "310"
  } ],
  "backgroundSize" : {
    "width" : 515.8999572466865,
    "height" : 730
  }
}