{
  "background" : "92.webp",
  "icons" : [ {
    "x" : 0.561330130378519,
    "y" : 0.42436334930766045,
    "sound" : " 312"
  }, {
    "x" : 0.5587251116087433,
    "y" : 0.3518437663340067,
    "sound" : "312"
  } ],
  "backgroundSize" : {
    "width" : 515.8999572466865,
    "height" : 730
  }
}