{
  "background" : "93.webp",
  "icons" : [ {
    "x" : 0.5438848876069704,
    "y" : 0.24765102054053714,
    "sound" : " 313"
  } ],
  "backgroundSize" : {
    "width" : 515.8999572466865,
    "height" : 730
  }
}