{
  "background" : "94.webp",
  "icons" : [ {
    "x" : 0.3791242614312334,
    "y" : 0.49833595204738645,
    "sound" : " 314"
  } ],
  "backgroundSize" : {
    "width" : 515.8999572466865,
    "height" : 730
  }
}