{
  "background" : "95.webp",
  "icons" : [ {
    "x" : 0.536131446375171,
    "y" : 0.703815404102181,
    "sound" : " 315"
  } ],
  "backgroundSize" : {
    "width" : 515.8999572466865,
    "height" : 730
  }
}