{
  "background" : "97.webp",
  "icons" : [ {
    "x" : 0.08643185493080656,
    "y" : 0.8914866369788934,
    "sound" : " 316"
  }, {
    "x" : 0.5412798688371946,
    "y" : 0.38609034167647244,
    "sound" : "317"
  } ],
  "backgroundSize" : {
    "width" : 515.8999572466865,
    "height" : 730
  }
}